Name,Phone (Maps),Phone (Website),Email,Website,Rating,Address
"Appinventiv Technology Pvt. Ltd","(404) 563-1172","+ 91 - 844 - 818 - 2018","Drop An Email   Drop An Email","https://appinventiv.com/","3.9","79 Madison Ave, New York, NY 10001"
"US Tech Solutions, Inc.","(201) 524-9600","+1 201 524 9600","N/A","http://www.ustechsolutions.com/","4.8","10 Exchange Pl, Jersey City, NJ 07302"
"Mobikasa","(646) 880-4504","+1-646-880-4504","info@mobikasa.com","http://www.mobikasa.com/?utm_source=google&utm_medium=organic&utm_campaign=google_business_listing","4.9","135 Madison Ave 8th FL, New York, NY 10016"
"Queppelin - A Metaverse Development Company","(562) 353-5670","+15623535670","Sales: enquiry@queppelintech.com","https://www.queppelin.com/","3.7","244 Madison Ave #1191, New York, NY 10016"
"E-SUTRA Technologies Private Limited","+91 85953 08455","1800 1210 120","N/A","https://e-sutra.com/","4.9","1213, Pearls Omaxe Tower, Netaji Subhash Place, Shakurpur, Delhi, 110034, India"
"4TechBugs Technologies Pvt. Ltd","+91 99997 98701","+91-9999798701","info@4techbugs.com","http://www.4techbugs.com/","4.8","D-130, Pocket 14, Sector 8D, Rohini, New Delhi, Delhi, 110085, India"
"Perfectiongeeks Technologies","+91 89209 47884","N/A","N/A","https://www.perfectiongeeks.com/","5","27/132, Sector 3, Sector 3G, Rohini, Delhi, 110085, India"
"DeepSpace9 Technologies","N/A","N/A","captain@deepspace9.tech","https://www.deepspace9.tech/","4.9","1003, 10th Floor, Tower 1, Pearls Omaxe Tower, Netaji Subhash Place, Shakurpur, New Delhi, Delhi, 110034, India"
"HindSoft Technology Pvt Ltd. - Website Designing Company in Delhi","+91 92111 48866","N/A","mail@hindsoft.com","https://www.hindsoft.com/","4.8","C-7, Pocket 7, Sector 7, Rohini, New Delhi, Delhi, 110085, India"
"TechPlek Technologies Pvt Ltd","+91 85952 70747","+91-8595-270-747","info@techplek.com","https://www.techplek.com/","5","404, 4th Floor, 1, Netaji Subhash Place, Pitampura, Delhi, 110034, India"
"Dizispark Technology - Digital Marketing Agency in Delhi","+91 62876 23081","+91 6287623081","hello@dizispark.com","https://dizispark.com/","5","80, Basement, Metro Station Peera Garhi, 487, Metro Wali Gali, near Peeragarhi, Ekta Enclave, Peeragarhi Village, Paschim Vihar, New Delhi, Delhi, 110087, India"
"Appfinz Technologies | Shopify Development Company in Delhi","+91 83407 25097","+91 8340-725-097","info@appfinz.com","https://www.appfinz.com/","4.8","Nr Deep Chand Bandhu Hospital, B590 Ground Floor, Bunkar Colony, Phase 4, Ashok Vihar, New Delhi, Delhi 110052, India"
"NexGen Innovators","N/A","N/A","sales@nexgi.com","https://www.nexgi.com/","4.9","114B, 3rd floor, Dwarka Mor, New Delhi, Delhi 110059, India"
"Techzonce It Solution LLP","+91 93109 10714","N/A","Error: page.goto: net::ERR_NAME_NOT_RESOLVED at https://t","https://techzonce.com/","4.8","Block MU, Uttari Pitampura, Pitampura, New Delhi, Delhi, 110034, India"
"JY Technologies Consulting Pvt Ltd.","+91 89886 88488","8988688488","Say Hello","https://jydigitek.com/","4.8","FNB-09,10, Pearls Omaxe Tower, Netaji Subhash Place, Pitampura, New Delhi, Delhi, 110034, India"
"CtrlA Tech Solutions Private Limited","+91 20 3916 6102","+91-9310775007","Info@ctrlatechsolutions.com","https://ctrlatechsolutions.com/","5","J-6, opposite Raddison Hotel, Block J, Reserve Bank Enclave, Paschim Vihar, New Delhi, Delhi, 110063, India"
"Carecone Technologies Pvt Ltd | Reptile It Service | Reptile Tracko","+91 93115 72747","+91 93115 72747","info@reptileitservice.com","https://reptileitservice.com/","4.8","2nd floor, Aggarwal City Plaza, 265, Mangalam Place, Rohini, New Delhi, Delhi 110085, India"
"Candes Technology Private Limited","+91 93102 17042","N/A","N/A","https://candesworld.com/","2.6","402, Crown Heights , Plot No.3B1 , Twin District Centre, Sector 10, Rohini, New Delhi, Delhi 110085, India"
"Tech Mountains","+91 83685 01801","+91 8368501801","hello@techmountains.com","https://www.techmountains.com/","5","Pearls Omaxe Tower, Netaji Subhash Place, Shakurpur, Delhi, 110034, India"
"𝐂𝐨𝐫𝐞𝐰𝐚𝐯𝐞","+91 98106 76072","+919810676072","corporate@corewave.io","https://www.corewave.io/","4.8","Second Floor, C-7/70, D 13, Pocket 7, Sector 7, Rohini, New Delhi, Delhi, 110085, India"