name,link,rating,ratingCount,address,tags,phone
Aks Websoft Consulting Pvt Ltd,https://www.justdial.com/Noida/Aks-Websoft-Consulting-Pvt-Ltd-Electronic-City-Metro-Station-Sector-62-Noida-Sector-62/011PXX11-XX11-130227160439-J8C6_BZDET?trkid=40847-delhi-fcat-cate&term=Software%20Companies%20in%20delhi&ncatid=10443565&area=&search=Innovative%20Solutions%20:%20Top%20Software%20Companies%20in%20Delhi&mncatname=Software%20Companies&ftterm=&csell=&oncatid=10443565&abd_btn=Get%20Verified%20Sellers&abd_heading=Software%20Companies&bd=1&cat_b2b_flag=1&searchfrom=lst&thumbnail=,4.4,410 Ratings,Noida,Software Companies | Internet Website Developers,09035190719
Dignifyd India Digital Pvt Ltd,https://www.justdial.com/Noida/Dignifyd-India-Digital-Pvt-Ltd-Near-Nirulas-Hotel-Noida-Sector-2/011PXX11-XX11-251014165416-E8D6_BZDET?trkid=40847-delhi-fcat-cate&term=Software%20Companies%20in%20delhi&ncatid=10443565&area=&search=Innovative%20Solutions%20:%20Top%20Software%20Companies%20in%20Delhi&mncatname=Software%20Companies&ftterm=&csell=&oncatid=10443565&abd_btn=Get%20Verified%20Sellers&abd_heading=Software%20Companies&bd=1&cat_b2b_flag=1&searchfrom=lst&thumbnail=,4.9,8 Ratings,Noida,Internet Website Developers | Internet Website Designers,09724934701
Protech Consulting,https://www.justdial.com/Delhi/Protech-Consulting-Near-By-Gd-Goinka-Public-School-Rohini-Sector-22/011PXX11-XX11-251213011647-F2W9_BZDET?trkid=40847-delhi-fcat-cate&term=Software%20Companies%20in%20delhi&ncatid=10443565&area=&search=Innovative%20Solutions%20:%20Top%20Software%20Companies%20in%20Delhi&mncatname=Software%20Companies&ftterm=&csell=&oncatid=10443565&abd_btn=Get%20Verified%20Sellers&abd_heading=Software%20Companies&bd=1&cat_b2b_flag=1&searchfrom=lst&thumbnail=,3.8,6 Ratings,Delhi,Internet Website Developers | Internet Website Designers,08460242123
Bitxia Tech,https://www.justdial.com/Gurgaon/Bitxia-Tech-Gurgaon-Sector-49/011PXX11-XX11-251106114534-Z6W1_BZDET?trkid=40847-delhi-fcat-cate&term=Software%20Companies%20in%20delhi&ncatid=10443565&area=&search=Innovative%20Solutions%20:%20Top%20Software%20Companies%20in%20Delhi&mncatname=Software%20Companies&ftterm=&csell=&oncatid=10443565&abd_btn=Get%20Verified%20Sellers&abd_heading=Software%20Companies&bd=1&cat_b2b_flag=1&searchfrom=lst&thumbnail=,4.0,4 Ratings,Gurgaon,Internet Website Developers | Ethical Hacking Services,09054474157
3m Infocare,https://www.justdial.com/Faridabad/3m-Infocare-Near-Hardware-Chowk-Faridabad-Nit/011PXX11-XX11-120224182408-W4E7_BZDET?trkid=40847-delhi-fcat-cate&term=Software%20Companies%20in%20delhi&ncatid=10443565&area=&search=Innovative%20Solutions%20:%20Top%20Software%20Companies%20in%20Delhi&mncatname=Software%20Companies&ftterm=&csell=&oncatid=10443565&abd_btn=Get%20Verified%20Sellers&abd_heading=Software%20Companies&bd=1&cat_b2b_flag=1&searchfrom=lst&thumbnail=,4.6,151 Ratings,Faridabad,Computer Training Institutes | Institutes,08511419406
Asharp Infotech,https://www.justdial.com/Delhi/Asharp-Infotech-Near-Bikaner-Shakurpur/011PXX11-XX11-240418001059-I7T5_BZDET?trkid=40847-delhi-fcat-cate&term=Software%20Companies%20in%20delhi&ncatid=10443565&area=&search=Innovative%20Solutions%20:%20Top%20Software%20Companies%20in%20Delhi&mncatname=Software%20Companies&ftterm=&csell=&oncatid=10443565&abd_btn=Get%20Verified%20Sellers&abd_heading=Software%20Companies&bd=1&cat_b2b_flag=1&searchfrom=lst&thumbnail=,4.8,32 Ratings,Delhi,Digital Marketing Services | Internet Website Developers,08147650278
7x Technologies,https://www.justdial.com/Delhi/7x-Technologies-Malviya-Nagar/011PXX11-XX11-240828143037-W8M9_BZDET?trkid=40847-delhi-fcat-cate&term=Software%20Companies%20in%20delhi&ncatid=10443565&area=&search=Innovative%20Solutions%20:%20Top%20Software%20Companies%20in%20Delhi&mncatname=Software%20Companies&ftterm=&csell=&oncatid=10443565&abd_btn=Get%20Verified%20Sellers&abd_heading=Software%20Companies&bd=1&cat_b2b_flag=1&searchfrom=lst&thumbnail=,4.4,25 Ratings,Delhi,Mobile Application Developers | Software Companies,
Robolabs AI,https://www.justdial.com/Gurgaon/Robolabs-AI-Near-By-Industrial-Development-Area-Gurgaon-Sector-16/011PXX11-XX11-250403140251-R2D1_BZDET?trkid=40847-delhi-fcat-cate&term=Software%20Companies%20in%20delhi&ncatid=10443565&area=&search=Innovative%20Solutions%20:%20Top%20Software%20Companies%20in%20Delhi&mncatname=Software%20Companies&ftterm=&csell=&oncatid=10443565&abd_btn=Get%20Verified%20Sellers&abd_heading=Software%20Companies&bd=1&cat_b2b_flag=1&searchfrom=lst&thumbnail=,5.0,14 Ratings,Gurgaon,Artificial Intelligence Software Developers | Mobile Application Developers,08460386725
Apaxion Technologies LLP,https://www.justdial.com/Greater-Noida/Apaxion-Technologies-LLP-Near-Hanuman-Mandir-Techzone-4/011PXX11-XX11-260302140634-D1W9_BZDET?trkid=40847-delhi-fcat-cate&term=Software%20Companies%20in%20delhi&ncatid=10443565&area=&search=Innovative%20Solutions%20:%20Top%20Software%20Companies%20in%20Delhi&mncatname=Software%20Companies&ftterm=&csell=&oncatid=10443565&abd_btn=Get%20Verified%20Sellers&abd_heading=Software%20Companies&bd=1&cat_b2b_flag=1&searchfrom=lst&thumbnail=,5.0,1 Rating,Greater Noida,Computer Software Developers For Billing | Internet Website Developers,09606180062
CWS Technology Pvt Ltd,https://www.justdial.com/Gurgaon/CWS-Technology-Pvt-Ltd-Near-Dmart-Gurgaon-Sector-47/011PXX11-XX11-121030140604-L5D6_BZDET?trkid=40847-delhi-fcat-cate&term=Software%20Companies%20in%20delhi&ncatid=10443565&area=&search=Innovative%20Solutions%20:%20Top%20Software%20Companies%20in%20Delhi&mncatname=Software%20Companies&ftterm=&csell=&oncatid=10443565&abd_btn=Get%20Verified%20Sellers&abd_heading=Software%20Companies&bd=1&cat_b2b_flag=1&searchfrom=lst&thumbnail=,4.6,48 Ratings,Gurgaon,ATM | CCTV Surveillance,08105389676
Nca It Solution Web Development,https://www.justdial.com/Noida/Nca-It-Solution-Web-Development-Near-By-Electronic-City-Metro-Station-Noida-Sector-62/011PXX11-XX11-250901132948-U5M3_BZDET?trkid=40847-delhi-fcat-cate&term=Software%20Companies%20in%20delhi&ncatid=10443565&area=&search=Innovative%20Solutions%20:%20Top%20Software%20Companies%20in%20Delhi&mncatname=Software%20Companies&ftterm=&csell=&oncatid=10443565&abd_btn=Get%20Verified%20Sellers&abd_heading=Software%20Companies&bd=1&cat_b2b_flag=1&searchfrom=lst&thumbnail=,4.9,25 Ratings,Noida,Digital Marketing Services | Internet Website Developers,08511318575
MARG GLOBAL SOLUTION,https://www.justdial.com/Delhi/MARG-GLOBAL-SOLUTION-Durga-Mandir-Burari/011PXX11-XX11-260310125134-L1Z4_BZDET?trkid=40847-delhi-fcat-cate&term=Software%20Companies%20in%20delhi&ncatid=10443565&area=&search=Innovative%20Solutions%20:%20Top%20Software%20Companies%20in%20Delhi&mncatname=Software%20Companies&ftterm=&csell=&oncatid=10443565&abd_btn=Get%20Verified%20Sellers&abd_heading=Software%20Companies&bd=1&cat_b2b_flag=1&searchfrom=lst&thumbnail=,5.0,1 Rating,Delhi,Software Companies | Computer Software Developers,09725341764
Glidedmatrix Technologies Pvt Ltd,https://www.justdial.com/Noida/Glidedmatrix-Technologies-Pvt-Ltd-New-Sector-15-Metro-Station-Noida-Sector-2/011PXX11-XX11-251111182620-S5I3_BZDET?trkid=40847-delhi-fcat-cate&term=Software%20Companies%20in%20delhi&ncatid=10443565&area=&search=Innovative%20Solutions%20:%20Top%20Software%20Companies%20in%20Delhi&mncatname=Software%20Companies&ftterm=&csell=&oncatid=10443565&abd_btn=Get%20Verified%20Sellers&abd_heading=Software%20Companies&bd=1&cat_b2b_flag=1&searchfrom=lst&thumbnail=,4.9,16 Ratings,Noida,Internet Website Developers | Online Websites,08128364357
Encogix Technology Pvt Ltd,https://www.justdial.com/Greater-Noida/Encogix-Technology-Pvt-Ltd-Near-Char-Murti-Gaur-Chowk/011PXX11-XX11-260401160056-C9U3_BZDET?trkid=40847-delhi-fcat-cate&term=Software%20Companies%20in%20delhi&ncatid=10443565&area=&search=Innovative%20Solutions%20:%20Top%20Software%20Companies%20in%20Delhi&mncatname=Software%20Companies&ftterm=&csell=&oncatid=10443565&abd_btn=Get%20Verified%20Sellers&abd_heading=Software%20Companies&bd=1&cat_b2b_flag=1&searchfrom=lst&thumbnail=,4.8,10 Ratings,Greater Noida,Digital Marketing Services | Internet Website Developers,
LunarCode,https://www.justdial.com/Greater-Noida/LunarCode-Near-By-Dominos-And-Bank-Of-Baroda-Alpha-1-Greater-Noida/011PXX11-XX11-260323152120-A4K8_BZDET?trkid=40847-delhi-fcat-cate&term=Software%20Companies%20in%20delhi&ncatid=10443565&area=&search=Innovative%20Solutions%20:%20Top%20Software%20Companies%20in%20Delhi&mncatname=Software%20Companies&ftterm=&csell=&oncatid=10443565&abd_btn=Get%20Verified%20Sellers&abd_heading=Software%20Companies&bd=1&cat_b2b_flag=1&searchfrom=lst&thumbnail=,5.0,2 Ratings,Greater Noida,Internet Website Developers | Internet Website Designers,07048759075
Uniftec Solutions Private Limited,https://www.justdial.com/Noida/Uniftec-Solutions-Private-Limited-Opposite-Purvanchal-Society-Noida-Sector-90/011PXX11-XX11-260612171628-B1J5_BZDET?trkid=40847-delhi-fcat-cate&term=Software%20Companies%20in%20delhi&ncatid=10443565&area=&search=Innovative%20Solutions%20:%20Top%20Software%20Companies%20in%20Delhi&mncatname=Software%20Companies&ftterm=&csell=&oncatid=10443565&abd_btn=Get%20Verified%20Sellers&abd_heading=Software%20Companies&bd=1&cat_b2b_flag=1&searchfrom=lst&thumbnail=,3.5,2 Ratings,Noida,Internet Website Developers | Internet Website Designers,08401542816
Garg Web Infotech,https://www.justdial.com/Alwar/Garg-Web-Infotech-Behind-Neb-Ram-Nagar/9999PX144-X144-190127114331-Y2N8_BZDET?trkid=40847-delhi-fcat-cate&term=Software%20Companies%20in%20delhi&ncatid=10443565&area=&search=Innovative%20Solutions%20:%20Top%20Software%20Companies%20in%20Delhi&mncatname=Software%20Companies&ftterm=&csell=&oncatid=10443565&abd_btn=Get%20Verified%20Sellers&abd_heading=Software%20Companies&bd=1&cat_b2b_flag=1&searchfrom=lst&thumbnail=,4.9,146 Ratings,Alwar,GST Return | Cibil,08460452533
Apexpath,https://www.justdial.com/Sonepat/Apexpath-Near-By-Sbi-Bank-Bahalgarh/9999PX130-X130-260102133118-L1E1_BZDET?trkid=40847-delhi-fcat-cate&term=Software%20Companies%20in%20delhi&ncatid=10443565&area=&search=Innovative%20Solutions%20:%20Top%20Software%20Companies%20in%20Delhi&mncatname=Software%20Companies&ftterm=&csell=&oncatid=10443565&abd_btn=Get%20Verified%20Sellers&abd_heading=Software%20Companies&bd=1&cat_b2b_flag=1&searchfrom=lst&thumbnail=,4.4,5 Ratings,Sonepat,Internet Website Developers | Internet Website Designers,09845247982
Stack Decode Web and It Solutions,https://www.justdial.com/Kalka/Stack-Decode-Web-and-It-Solutions-Near-Hotel-Raunak-Pinjore/9999P1733-1733-250221010842-S9N1_BZDET?trkid=40847-delhi-fcat-cate&term=Software%20Companies%20in%20delhi&ncatid=10443565&area=&search=Innovative%20Solutions%20:%20Top%20Software%20Companies%20in%20Delhi&mncatname=Software%20Companies&ftterm=&csell=&oncatid=10443565&abd_btn=Get%20Verified%20Sellers&abd_heading=Software%20Companies&bd=1&cat_b2b_flag=1&searchfrom=lst&thumbnail=,5.0,11 Ratings,Kalka,Software Companies | Website Security Services,09724335378
Softuvo Solutions Private Limited,https://www.justdial.com/Mohali/Softuvo-Solutions-Private-Limited-Medpark-Hospital-Mohali-Sas-Nagar/0172PX172-X172-250404192058-V8J1_BZDET?trkid=40847-delhi-fcat-cate&term=Software%20Companies%20in%20delhi&ncatid=10443565&area=&search=Innovative%20Solutions%20:%20Top%20Software%20Companies%20in%20Delhi&mncatname=Software%20Companies&ftterm=&csell=&oncatid=10443565&abd_btn=Get%20Verified%20Sellers&abd_heading=Software%20Companies&bd=1&cat_b2b_flag=1&searchfrom=lst&thumbnail=,4.1,65 Ratings,Mohali,Software Companies | Internet Website Developers,08197795023
